period,region_code,region_name,export_usd,import_usd,balance_usd,source
2021-08,ASEAN,아세안,8918222078.0,5661597045.0,3256625033.0,관세청 국가별 수출입실적 집계
2021-08,CIS,CIS,961126585.0,1862212620.0,-901086035.0,관세청 국가별 수출입실적 집계
2021-08,CN,중국,13881327880.0,11731429287.0,2149898593.0,관세청 국가별 수출입실적 집계
2021-08,EU27,EU(27),5035500079.0,5210517109.0,-175017030.0,관세청 국가별 수출입실적 집계
2021-08,IN,인도,1285755417.0,737522587.0,548232830.0,관세청 국가별 수출입실적 집계
2021-08,JP,일본,2522980082.0,4454302301.0,-1931322219.0,관세청 국가별 수출입실적 집계
2021-08,LATAM,중남미,2102829418.0,2165210885.0,-62381467.0,관세청 국가별 수출입실적 집계
2021-08,MIDDLE_EAST,중동,1779982251.0,5554380287.0,-3774398036.0,관세청 국가별 수출입실적 집계
2021-08,US,미국,7704223847.0,6210231515.0,1493992332.0,관세청 국가별 수출입실적 집계
2021-09,ASEAN,아세안,9609771256.0,5766155763.0,3843615493.0,관세청 국가별 수출입실적 집계
2021-09,CIS,CIS,1386051573.0,1733821797.0,-347770224.0,관세청 국가별 수출입실적 집계
2021-09,CN,중국,14291980345.0,11409467110.0,2882513235.0,관세청 국가별 수출입실적 집계
2021-09,EU27,EU(27),5459806812.0,5310873104.0,148933708.0,관세청 국가별 수출입실적 집계
2021-09,IN,인도,1493610973.0,765523706.0,728087267.0,관세청 국가별 수출입실적 집계
2021-09,JP,일본,2541017857.0,4649135416.0,-2108117559.0,관세청 국가별 수출입실적 집계
2021-09,LATAM,중남미,1998820892.0,2109140843.0,-110319951.0,관세청 국가별 수출입실적 집계
2021-09,MIDDLE_EAST,중동,1815540983.0,5304318085.0,-3488777102.0,관세청 국가별 수출입실적 집계
2021-09,US,미국,7983934107.0,5959730391.0,2024203716.0,관세청 국가별 수출입실적 집계
2021-10,ASEAN,아세안,9786035173.0,5815204270.0,3970830903.0,관세청 국가별 수출입실적 집계
2021-10,CIS,CIS,1132170019.0,1888911588.0,-756741569.0,관세청 국가별 수출입실적 집계
2021-10,CN,중국,14415867215.0,11984638723.0,2431228492.0,관세청 국가별 수출입실적 집계
2021-10,EU27,EU(27),5088834818.0,5372044354.0,-283209536.0,관세청 국가별 수출입실적 집계
2021-10,IN,인도,1401204630.0,741357156.0,659847474.0,관세청 국가별 수출입실적 집계
2021-10,JP,일본,2614683864.0,4696430129.0,-2081746265.0,관세청 국가별 수출입실적 집계
2021-10,LATAM,중남미,2429006815.0,2682879153.0,-253872338.0,관세청 국가별 수출입실적 집계
2021-10,MIDDLE_EAST,중동,2125191806.0,6082572156.0,-3957380350.0,관세청 국가별 수출입실적 집계
2021-10,US,미국,8066782602.0,5995841131.0,2070941471.0,관세청 국가별 수출입실적 집계
2021-11,ASEAN,아세안,10540727462.0,5745614261.0,4795113201.0,관세청 국가별 수출입실적 집계
2021-11,CIS,CIS,1232439623.0,2504036962.0,-1271597339.0,관세청 국가별 수출입실적 집계
2021-11,CN,중국,15272549044.0,13663761395.0,1608787649.0,관세청 국가별 수출입실적 집계
2021-11,EU27,EU(27),5299695224.0,5060101537.0,239593687.0,관세청 국가별 수출입실적 집계
2021-11,IN,인도,1473320133.0,791820668.0,681499465.0,관세청 국가별 수출입실적 집계
2021-11,JP,일본,2813250497.0,4863815885.0,-2050565388.0,관세청 국가별 수출입실적 집계
2021-11,LATAM,중남미,2200868266.0,2526759241.0,-325890975.0,관세청 국가별 수출입실적 집계
2021-11,MIDDLE_EAST,중동,1895126747.0,6653293653.0,-4758166906.0,관세청 국가별 수출입실적 집계
2021-11,US,미국,8133640339.0,6640496024.0,1493144315.0,관세청 국가별 수출입실적 집계
2021-12,ASEAN,아세안,11240376584.0,6552846784.0,4687529800.0,관세청 국가별 수출입실적 집계
2021-12,CIS,CIS,1438831380.0,2225180468.0,-786349088.0,관세청 국가별 수출입실적 집계
2021-12,CN,중국,15342562681.0,13829108559.0,1513454122.0,관세청 국가별 수출입실적 집계
2021-12,EU27,EU(27),5972453793.0,6699505310.0,-727051517.0,관세청 국가별 수출입실적 집계
2021-12,IN,인도,1314389970.0,743735513.0,570654457.0,관세청 국가별 수출입실적 집계
2021-12,JP,일본,2712571429.0,5130741601.0,-2418170172.0,관세청 국가별 수출입실적 집계
2021-12,LATAM,중남미,2016689091.0,2856011438.0,-839322347.0,관세청 국가별 수출입실적 집계
2021-12,MIDDLE_EAST,중동,2127549289.0,7862022849.0,-5734473560.0,관세청 국가별 수출입실적 집계
2021-12,US,미국,8787542044.0,5701577478.0,3085964566.0,관세청 국가별 수출입실적 집계
2022-01,ASEAN,아세안,10307102268.0,7203518958.0,3103583310.0,관세청 국가별 수출입실적 집계
2022-01,CIS,CIS,1120222343.0,2221761767.0,-1101539424.0,관세청 국가별 수출입실적 집계
2022-01,CN,중국,13369828912.0,13178863723.0,190965189.0,관세청 국가별 수출입실적 집계
2022-01,EU27,EU(27),5415309032.0,5023340550.0,391968482.0,관세청 국가별 수출입실적 집계
2022-01,IN,인도,1465042670.0,695029987.0,770012683.0,관세청 국가별 수출입실적 집계
2022-01,JP,일본,2617191374.0,4457191797.0,-1840000423.0,관세청 국가별 수출입실적 집계
2022-01,LATAM,중남미,2249554147.0,2698379935.0,-448825788.0,관세청 국가별 수출입실적 집계
2022-01,MIDDLE_EAST,중동,1956741929.0,7989693620.0,-6032951691.0,관세청 국가별 수출입실적 집계
2022-01,US,미국,8569920487.0,7105625425.0,1464295062.0,관세청 국가별 수출입실적 집계
2022-02,ASEAN,아세안,10087443046.0,6374808867.0,3712634179.0,관세청 국가별 수출입실적 집계
2022-02,CIS,CIS,1219444919.0,2076377270.0,-856932351.0,관세청 국가별 수출입실적 집계
2022-02,CN,중국,13042436185.0,10410116237.0,2632319948.0,관세청 국가별 수출입실적 집계
2022-02,EU27,EU(27),5480969758.0,5165116343.0,315853415.0,관세청 국가별 수출입실적 집계
2022-02,IN,인도,1351392450.0,732729700.0,618662750.0,관세청 국가별 수출입실적 집계
2022-02,JP,일본,2480974250.0,4713195373.0,-2232221123.0,관세청 국가별 수출입실적 집계
2022-02,LATAM,중남미,2250768874.0,2350568378.0,-99799504.0,관세청 국가별 수출입실적 집계
2022-02,MIDDLE_EAST,중동,1950058800.0,7095118156.0,-5145059356.0,관세청 국가별 수출입실적 집계
2022-02,US,미국,7740904909.0,5965124609.0,1775780300.0,관세청 국가별 수출입실적 집계
2022-03,ASEAN,아세안,12172282343.0,7574061687.0,4598220656.0,관세청 국가별 수출입실적 집계
2022-03,CIS,CIS,672526457.0,2351639203.0,-1679112746.0,관세청 국가별 수출입실적 집계
2022-03,CN,중국,15642332161.0,12626983606.0,3015348555.0,관세청 국가별 수출입실적 집계
2022-03,EU27,EU(27),6215615478.0,5860515189.0,355100289.0,관세청 국가별 수출입실적 집계
2022-03,IN,인도,1508012658.0,983453261.0,524559397.0,관세청 국가별 수출입실적 집계
2022-03,JP,일본,2775632071.0,5335419814.0,-2559787743.0,관세청 국가별 수출입실적 집계
2022-03,LATAM,중남미,2480288357.0,2757880481.0,-277592124.0,관세청 국가별 수출입실적 집계
2022-03,MIDDLE_EAST,중동,2121831762.0,8440913493.0,-6319081731.0,관세청 국가별 수출입실적 집계
2022-03,US,미국,9638756584.0,6996572373.0,2642184211.0,관세청 국가별 수출입실적 집계
2022-04,ASEAN,아세안,11261893147.0,6773978275.0,4487914872.0,관세청 국가별 수출입실적 집계
2022-04,CIS,CIS,606461525.0,2363582108.0,-1757120583.0,관세청 국가별 수출입실적 집계
2022-04,CN,중국,12949233745.0,12332267535.0,616966210.0,관세청 국가별 수출입실적 집계
2022-04,EU27,EU(27),5542786285.0,5515212666.0,27573619.0,관세청 국가별 수출입실적 집계
2022-04,IN,인도,1540594906.0,891258443.0,649336463.0,관세청 국가별 수출입실적 집계
2022-04,JP,일본,2624893550.0,4879907653.0,-2255014103.0,관세청 국가별 수출입실적 집계
2022-04,LATAM,중남미,2231819191.0,2544187946.0,-312368755.0,관세청 국가별 수출입실적 집계
2022-04,MIDDLE_EAST,중동,1944583619.0,9152660300.0,-7208076681.0,관세청 국가별 수출입실적 집계
2022-04,US,미국,9605726016.0,6606658188.0,2999067828.0,관세청 국가별 수출입실적 집계
2022-05,ASEAN,아세안,10688986978.0,6598657103.0,4090329875.0,관세청 국가별 수출입실적 집계
2022-05,CIS,CIS,675809285.0,1471840385.0,-796031100.0,관세청 국가별 수출입실적 집계
2022-05,CN,중국,13419778702.0,14515940795.0,-1096162093.0,관세청 국가별 수출입실적 집계
2022-05,EU27,EU(27),6041565197.0,6058719929.0,-17154732.0,관세청 국가별 수출입실적 집계
2022-05,IN,인도,1700822646.0,1078170417.0,622652229.0,관세청 국가별 수출입실적 집계
2022-05,JP,일본,2830499956.0,4259691820.0,-1429191864.0,관세청 국가별 수출입실적 집계
2022-05,LATAM,중남미,2609285591.0,2738125670.0,-128840079.0,관세청 국가별 수출입실적 집계
2022-05,MIDDLE_EAST,중동,2161848348.0,8732041185.0,-6570192837.0,관세청 국가별 수출입실적 집계
2022-05,US,미국,9620648743.0,7196285707.0,2424363036.0,관세청 국가별 수출입실적 집계
2022-06,ASEAN,아세안,10286859418.0,6074156632.0,4212702786.0,관세청 국가별 수출입실적 집계
2022-06,CIS,CIS,739248385.0,1562750074.0,-823501689.0,관세청 국가별 수출입실적 집계
2022-06,CN,중국,12960972678.0,14158523851.0,-1197551173.0,관세청 국가별 수출입실적 집계
2022-06,EU27,EU(27),5235365687.0,5630970147.0,-395604460.0,관세청 국가별 수출입실적 집계
2022-06,IN,인도,1428531881.0,855861917.0,572669964.0,관세청 국가별 수출입실적 집계
2022-06,JP,일본,2651096368.0,4530262007.0,-1879165639.0,관세청 국가별 수출입실적 집계
2022-06,LATAM,중남미,2047559483.0,2472732934.0,-425173451.0,관세청 국가별 수출입실적 집계
2022-06,MIDDLE_EAST,중동,1907044499.0,8225715523.0,-6318671024.0,관세청 국가별 수출입실적 집계
2022-06,US,미국,9768741294.0,6769779446.0,2998961848.0,관세청 국가별 수출입실적 집계
2022-07,ASEAN,아세안,11425642468.0,7038121989.0,4387520479.0,관세청 국가별 수출입실적 집계
2022-07,CIS,CIS,981706481.0,1258347018.0,-276640537.0,관세청 국가별 수출입실적 집계
2022-07,CN,중국,13214288402.0,13823354140.0,-609065738.0,관세청 국가별 수출입실적 집계
2022-07,EU27,EU(27),6155317648.0,5552899296.0,602418352.0,관세청 국가별 수출입실적 집계
2022-07,IN,인도,2361418364.0,844864877.0,1516553487.0,관세청 국가별 수출입실적 집계
2022-07,JP,일본,2494966315.0,4543697058.0,-2048730743.0,관세청 국가별 수출입실적 집계
2022-07,LATAM,중남미,2072892752.0,3293588253.0,-1220695501.0,관세청 국가별 수출입실적 집계
2022-07,MIDDLE_EAST,중동,2081213865.0,11179038895.0,-9097825030.0,관세청 국가별 수출입실적 집계
2022-07,US,미국,10104092349.0,6690429091.0,3413663258.0,관세청 국가별 수출입실적 집계
2022-08,ASEAN,아세안,10821478532.0,7776763236.0,3044715296.0,관세청 국가별 수출입실적 집계
2022-08,CIS,CIS,857548389.0,1424770758.0,-567222369.0,관세청 국가별 수출입실적 집계
2022-08,CN,중국,13116160377.0,13501247802.0,-385087425.0,관세청 국가별 수출입실적 집계
2022-08,EU27,EU(27),5398353509.0,5862099702.0,-463746193.0,관세청 국가별 수출입실적 집계
2022-08,IN,인도,1630462417.0,681161970.0,949300447.0,관세청 국가별 수출입실적 집계
2022-08,JP,일본,2546588066.0,4462975343.0,-1916387277.0,관세청 국가별 수출입실적 집계
2022-08,LATAM,중남미,2192918590.0,2769202785.0,-576284195.0,관세청 국가별 수출입실적 집계
2022-08,MIDDLE_EAST,중동,1882840873.0,10887806225.0,-9004965352.0,관세청 국가별 수출입실적 집계
2022-08,US,미국,8751247017.0,7779216057.0,972030960.0,관세청 국가별 수출입실적 집계
2022-09,ASEAN,아세안,10226003366.0,7562275558.0,2663727808.0,관세청 국가별 수출입실적 집계
2022-09,CIS,CIS,956143995.0,1136641040.0,-180497045.0,관세청 국가별 수출입실적 집계
2022-09,CN,중국,13342692411.0,12677996005.0,664696406.0,관세청 국가별 수출입실적 집계
2022-09,EU27,EU(27),5409112292.0,5282762571.0,126349721.0,관세청 국가별 수출입실적 집계
2022-09,IN,인도,1615030189.0,577671372.0,1037358817.0,관세청 국가별 수출입실적 집계
2022-09,JP,일본,2581742556.0,4435941785.0,-1854199229.0,관세청 국가별 수출입실적 집계
2022-09,LATAM,중남미,2000446977.0,2766650663.0,-766203686.0,관세청 국가별 수출입실적 집계
2022-09,MIDDLE_EAST,중동,1834627199.0,9217751458.0,-7383124259.0,관세청 국가별 수출입실적 집계
2022-09,US,미국,9248928412.0,6657837343.0,2591091069.0,관세청 국가별 수출입실적 집계
2022-10,ASEAN,아세안,9230914029.0,6649234516.0,2581679513.0,관세청 국가별 수출입실적 집계
2022-10,CIS,CIS,1134302651.0,1426213251.0,-291910600.0,관세청 국가별 수출입실적 집계
2022-10,CN,중국,12155840722.0,13411940587.0,-1256099865.0,관세청 국가별 수출입실적 집계
2022-10,EU27,EU(27),5616300743.0,5559671011.0,56629732.0,관세청 국가별 수출입실적 집계
2022-10,IN,인도,1403230320.0,521848164.0,881382156.0,관세청 국가별 수출입실적 집계
2022-10,JP,일본,2272321310.0,4300343099.0,-2028021789.0,관세청 국가별 수출입실적 집계
2022-10,LATAM,중남미,1766417519.0,2713812919.0,-947395400.0,관세청 국가별 수출입실적 집계
2022-10,MIDDLE_EAST,중동,1915299834.0,8337954706.0,-6422654872.0,관세청 국가별 수출입실적 집계
2022-10,US,미국,8591667627.0,6692906203.0,1898761424.0,관세청 국가별 수출입실적 집계
2022-11,ASEAN,아세안,9044000654.0,6184050927.0,2859949727.0,관세청 국가별 수출입실적 집계
2022-11,CIS,CIS,1288327356.0,1590536454.0,-302209098.0,관세청 국가별 수출입실적 집계
2022-11,CN,중국,11377959892.0,12129046026.0,-751086134.0,관세청 국가별 수출입실적 집계
2022-11,EU27,EU(27),5274215618.0,5925524023.0,-651308405.0,관세청 국가별 수출입실적 집계
2022-11,IN,인도,1379462376.0,537507371.0,841955005.0,관세청 국가별 수출입실적 집계
2022-11,JP,일본,2301715702.0,4313251522.0,-2011535820.0,관세청 국가별 수출입실적 집계
2022-11,LATAM,중남미,1746688075.0,2473591319.0,-726903244.0,관세청 국가별 수출입실적 집계
2022-11,MIDDLE_EAST,중동,1919148436.0,8567360665.0,-6648212229.0,관세청 국가별 수출입실적 집계
2022-11,US,미국,8775693693.0,6529866133.0,2245827560.0,관세청 국가별 수출입실적 집계
2022-12,ASEAN,아세안,9338190306.0,6786924867.0,2551265439.0,관세청 국가별 수출입실적 집계
2022-12,CIS,CIS,1019075747.0,1633823443.0,-614747696.0,관세청 국가별 수출입실적 집계
2022-12,CN,중국,11197864972.0,11810033842.0,-612168870.0,관세청 국가별 수출입실적 집계
2022-12,EU27,EU(27),6287254680.0,6753539530.0,-466284850.0,관세청 국가별 수출입실적 집계
2022-12,IN,인도,1486069896.0,497546033.0,988523863.0,관세청 국가별 수출입실적 집계
2022-12,JP,일본,2428656289.0,4479917401.0,-2051261112.0,관세청 국가별 수출입실적 집계
2022-12,LATAM,중남미,2139589651.0,2803615121.0,-664025470.0,관세청 국가별 수출입실적 집계
2022-12,MIDDLE_EAST,중동,2330499652.0,8906160423.0,-6575660771.0,관세청 국가별 수출입실적 집계
2022-12,US,미국,9349378331.0,6794422285.0,2554956046.0,관세청 국가별 수출입실적 집계
2023-01,ASEAN,아세안,8282167695.0,7160069797.0,1122097898.0,관세청 국가별 수출입실적 집계
2023-01,CIS,CIS,920348680.0,1176537965.0,-256189285.0,관세청 국가별 수출입실적 집계
2023-01,CN,중국,9207638675.0,13140060660.0,-3932421985.0,관세청 국가별 수출입실적 집계
2023-01,EU27,EU(27),5419457001.0,5587934708.0,-168477707.0,관세청 국가별 수출입실적 집계
2023-01,IN,인도,1452738349.0,543955228.0,908783121.0,관세청 국가별 수출입실적 집계
2023-01,JP,일본,2295203445.0,3953682365.0,-1658478920.0,관세청 국가별 수출입실적 집계
2023-01,LATAM,중남미,1658396337.0,2849033331.0,-1190636994.0,관세청 국가별 수출입실적 집계
2023-01,MIDDLE_EAST,중동,2110950954.0,8166300720.0,-6055349766.0,관세청 국가별 수출입실적 집계
2023-01,US,미국,8058603985.0,6995422573.0,1063181412.0,관세청 국가별 수출입실적 집계
2023-02,ASEAN,아세안,8437302186.0,6936091990.0,1501210196.0,관세청 국가별 수출입실적 집계
2023-02,CIS,CIS,1051167887.0,1259595983.0,-208428096.0,관세청 국가별 수출입실적 집계
2023-02,CN,중국,9885692884.0,11025733521.0,-1140040637.0,관세청 국가별 수출입실적 집계
2023-02,EU27,EU(27),6182088830.0,5565674231.0,616414599.0,관세청 국가별 수출입실적 집계
2023-02,IN,인도,1499353486.0,497612005.0,1001741481.0,관세청 국가별 수출입실적 집계
2023-02,JP,일본,2345909768.0,4227697796.0,-1881788028.0,관세청 국가별 수출입실적 집계
2023-02,LATAM,중남미,1826455868.0,2532811782.0,-706355914.0,관세청 국가별 수출입실적 집계
2023-02,MIDDLE_EAST,중동,2331887181.0,8417546375.0,-6085659194.0,관세청 국가별 수출입실적 집계
2023-02,US,미국,8991831182.0,6011956681.0,2979874501.0,관세청 국가별 수출입실적 집계
2023-03,ASEAN,아세안,9573898716.0,6879391009.0,2694507707.0,관세청 국가별 수출입실적 집계
2023-03,CIS,CIS,1258566476.0,1465019940.0,-206453464.0,관세청 국가별 수출입실적 집계
2023-03,CN,중국,10478065040.0,13189604934.0,-2711539894.0,관세청 국가별 수출입실적 집계
2023-03,EU27,EU(27),6121979909.0,5836334104.0,285645805.0,관세청 국가별 수출입실적 집계
2023-03,IN,인도,1575912971.0,615275606.0,960637365.0,관세청 국가별 수출입실적 집계
2023-03,JP,일본,2411769873.0,4478961369.0,-2067191496.0,관세청 국가별 수출입실적 집계
2023-03,LATAM,중남미,2286227912.0,2928349939.0,-642122027.0,관세청 국가별 수출입실적 집계
2023-03,MIDDLE_EAST,중동,2596665245.0,8583885497.0,-5987220252.0,관세청 국가별 수출입실적 집계
2023-03,US,미국,9775067552.0,6675930868.0,3099136684.0,관세청 국가별 수출입실적 집계
2023-04,ASEAN,아세안,8244720402.0,5944564547.0,2300155855.0,관세청 국가별 수출입실적 집계
2023-04,CIS,CIS,1302099877.0,1305170575.0,-3070698.0,관세청 국가별 수출입실적 집계
2023-04,CN,중국,9522776682.0,11794075744.0,-2271299062.0,관세청 국가별 수출입실적 집계
2023-04,EU27,EU(27),6080171822.0,5784404797.0,295767025.0,관세청 국가별 수출입실적 집계
2023-04,IN,인도,1330360499.0,518938158.0,811422341.0,관세청 국가별 수출입실적 집계
2023-04,JP,일본,2066010633.0,4032396436.0,-1966385803.0,관세청 국가별 수출입실적 집계
2023-04,LATAM,중남미,1750712922.0,2540928473.0,-790215551.0,관세청 국가별 수출입실적 집계
2023-04,MIDDLE_EAST,중동,2255125408.0,7111419442.0,-4856294034.0,관세청 국가별 수출입실적 집계
2023-04,US,미국,9181046987.0,5510740294.0,3670306693.0,관세청 국가별 수출입실적 집계
2023-05,ASEAN,아세안,8359910658.0,6275188190.0,2084722468.0,관세청 국가별 수출입실적 집계
2023-05,CIS,CIS,1201571050.0,1461959453.0,-260388403.0,관세청 국가별 수출입실적 집계
2023-05,CN,중국,10579849482.0,12379598055.0,-1799748573.0,관세청 국가별 수출입실적 집계
2023-05,EU27,EU(27),5850160219.0,6269091540.0,-418931321.0,관세청 국가별 수출입실적 집계
2023-05,IN,인도,1347610005.0,562548768.0,785061237.0,관세청 국가별 수출입실적 집계
2023-05,JP,일본,2565088740.0,3722639956.0,-1157551216.0,관세청 국가별 수출입실적 집계
2023-05,LATAM,중남미,1938658141.0,2611291796.0,-672633655.0,관세청 국가별 수출입실적 집계
2023-05,MIDDLE_EAST,중동,2226549906.0,7371367337.0,-5144817431.0,관세청 국가별 수출입실적 집계
2023-05,US,미국,9459648284.0,6017115831.0,3442532453.0,관세청 국가별 수출입실적 집계
2023-06,ASEAN,아세안,8551741978.0,6659664588.0,1892077390.0,관세청 국가별 수출입실적 집계
2023-06,CIS,CIS,1399032945.0,1226093125.0,172939820.0,관세청 국가별 수출입실적 집계
2023-06,CN,중국,10501951575.0,11799601629.0,-1297650054.0,관세청 국가별 수출입실적 집계
2023-06,EU27,EU(27),6182293913.0,6558467186.0,-376173273.0,관세청 국가별 수출입실적 집계
2023-06,IN,인도,1427371823.0,554432191.0,872939632.0,관세청 국가별 수출입실적 집계
2023-06,JP,일본,2555961043.0,4332565122.0,-1776604079.0,관세청 국가별 수출입실적 집계
2023-06,LATAM,중남미,2503630187.0,2538045181.0,-34414994.0,관세청 국가별 수출입실적 집계
2023-06,MIDDLE_EAST,중동,2291514787.0,6420188471.0,-4128673684.0,관세청 국가별 수출입실적 집계
2023-06,US,미국,9599198241.0,5531065977.0,4068132264.0,관세청 국가별 수출입실적 집계
2023-07,ASEAN,아세안,8868417095.0,6434035261.0,2434381834.0,관세청 국가별 수출입실적 집계
2023-07,CIS,CIS,973111212.0,1234461176.0,-261349964.0,관세청 국가별 수출입실적 집계
2023-07,CN,중국,9928339464.0,11172937979.0,-1244598515.0,관세청 국가별 수출입실적 집계
2023-07,EU27,EU(27),5631596898.0,5053421233.0,578175665.0,관세청 국가별 수출입실적 집계
2023-07,IN,인도,1430715883.0,544606769.0,886109114.0,관세청 국가별 수출입실적 집계
2023-07,JP,일본,2363451042.0,3876241550.0,-1512790508.0,관세청 국가별 수출입실적 집계
2023-07,LATAM,중남미,1921827217.0,2264330192.0,-342502975.0,관세청 국가별 수출입실적 집계
2023-07,MIDDLE_EAST,중동,2100670577.0,6314282436.0,-4213611859.0,관세청 국가별 수출입실적 집계
2023-07,US,미국,9309186009.0,5319601532.0,3989584477.0,관세청 국가별 수출입실적 집계
2023-08,ASEAN,아세안,9657902615.0,6646213168.0,3011689447.0,관세청 국가별 수출입실적 집계
2023-08,CIS,CIS,926327663.0,866703227.0,59624436.0,관세청 국가별 수출입실적 집계
2023-08,CN,중국,10515041465.0,11688869797.0,-1173828332.0,관세청 국가별 수출입실적 집계
2023-08,EU27,EU(27),5541554848.0,5009113107.0,532441741.0,관세청 국가별 수출입실적 집계
2023-08,IN,인도,1602896331.0,596406980.0,1006489351.0,관세청 국가별 수출입실적 집계
2023-08,JP,일본,2363482376.0,3656641370.0,-1293158994.0,관세청 국가별 수출입실적 집계
2023-08,LATAM,중남미,1920543648.0,2180649977.0,-260106329.0,관세청 국가별 수출입실적 집계
2023-08,MIDDLE_EAST,중동,2085337668.0,7758844181.0,-5673506513.0,관세청 국가별 수출입실적 집계
2023-08,US,미국,8959140624.0,5390721597.0,3568419027.0,관세청 국가별 수출입실적 집계
2023-09,ASEAN,아세안,9406586083.0,6168407669.0,3238178414.0,관세청 국가별 수출입실적 집계
2023-09,CIS,CIS,911061011.0,837227009.0,73834002.0,관세청 국가별 수출입실적 집계
2023-09,CN,중국,10997619447.0,11143265400.0,-145645953.0,관세청 국가별 수출입실적 집계
2023-09,EU27,EU(27),5735390919.0,5580308996.0,155081923.0,관세청 국가별 수출입실적 집계
2023-09,IN,인도,1638479892.0,552159132.0,1086320760.0,관세청 국가별 수출입실적 집계
2023-09,JP,일본,2512162147.0,3804957999.0,-1292795852.0,관세청 국가별 수출입실적 집계
2023-09,LATAM,중남미,2147867121.0,2564006320.0,-416139199.0,관세청 국가별 수출입실적 집계
2023-09,MIDDLE_EAST,중동,1981533122.0,8489812752.0,-6508279630.0,관세청 국가별 수출입실적 집계
2023-09,US,미국,10078333710.0,5122090022.0,4956243688.0,관세청 국가별 수출입실적 집계
2023-10,ASEAN,아세안,10524086635.0,6312206365.0,4211880270.0,관세청 국가별 수출입실적 집계
2023-10,CIS,CIS,951043515.0,840345864.0,110697651.0,관세청 국가별 수출입실적 집계
2023-10,CN,중국,10993481489.0,12549077951.0,-1555596462.0,관세청 국가별 수출입실적 집계
2023-10,EU27,EU(27),5013517859.0,5291515086.0,-277997227.0,관세청 국가별 수출입실적 집계
2023-10,IN,인도,1531651230.0,598427169.0,933224061.0,관세청 국가별 수출입실적 집계
2023-10,JP,일본,2492282609.0,3932137045.0,-1439854436.0,관세청 국가별 수출입실적 집계
2023-10,LATAM,중남미,1886057108.0,2309477697.0,-423420589.0,관세청 국가별 수출입실적 집계
2023-10,MIDDLE_EAST,중동,2169428812.0,7402296930.0,-5232868118.0,관세청 국가별 수출입실적 집계
2023-10,US,미국,10059688605.0,6212985705.0,3846702900.0,관세청 국가별 수출입실적 집계
2023-11,ASEAN,아세안,9780624730.0,6127451800.0,3653172930.0,관세청 국가별 수출입실적 집계
2023-11,CIS,CIS,951175535.0,874959744.0,76215791.0,관세청 국가별 수출입실적 집계
2023-11,CN,중국,11342928349.0,12087236707.0,-744308358.0,관세청 국가별 수출입실적 집계
2023-11,EU27,EU(27),5395911970.0,5324895001.0,71016969.0,관세청 국가별 수출입실적 집계
2023-11,IN,인도,1523664455.0,603715436.0,919949019.0,관세청 국가별 수출입실적 집계
2023-11,JP,일본,2542676598.0,3717928114.0,-1175251516.0,관세청 국가별 수출입실적 집계
2023-11,LATAM,중남미,1883190882.0,1937646021.0,-54455139.0,관세청 국가별 수출입실적 집계
2023-11,MIDDLE_EAST,중동,1928159404.0,7648871819.0,-5720712415.0,관세청 국가별 수출입실적 집계
2023-11,US,미국,10943600066.0,6204912236.0,4738687830.0,관세청 국가별 수출입실적 집계
2023-12,ASEAN,아세안,9438376116.0,6490173956.0,2948202160.0,관세청 국가별 수출입실적 집계
2023-12,CIS,CIS,893118480.0,847776901.0,45341579.0,관세청 국가별 수출입실적 집계
2023-12,CN,중국,10864297912.0,10887275327.0,-22977415.0,관세청 국가별 수출입실적 집계
2023-12,EU27,EU(27),5034248124.0,6001591564.0,-967343440.0,관세청 국가별 수출입실적 집계
2023-12,IN,인도,1588847052.0,540284372.0,1048562680.0,관세청 국가별 수출입실적 집계
2023-12,JP,일본,2486617962.0,3920619133.0,-1434001171.0,관세청 국가별 수출입실적 집계
2023-12,LATAM,중남미,1972637268.0,2434619884.0,-461982616.0,관세청 국가별 수출입실적 집계
2023-12,MIDDLE_EAST,중동,2263178397.0,7671816281.0,-5408637884.0,관세청 국가별 수출입실적 집계
2023-12,US,미국,11280989026.0,6279486485.0,5001502541.0,관세청 국가별 수출입실적 집계
2024-01,ASEAN,아세안,8776772564.0,7506321002.0,1270451562.0,관세청 국가별 수출입실적 집계
2024-01,CIS,CIS,827104094.0,872631934.0,-45527840.0,관세청 국가별 수출입실적 집계
2024-01,CN,중국,10695827418.0,12396979945.0,-1701152527.0,관세청 국가별 수출입실적 집계
2024-01,EU27,EU(27),5699834632.0,4552810736.0,1147023896.0,관세청 국가별 수출입실적 집계
2024-01,IN,인도,1538077633.0,543855913.0,994221720.0,관세청 국가별 수출입실적 집계
2024-01,JP,일본,2542908586.0,3755030685.0,-1212122099.0,관세청 국가별 수출입실적 집계
2024-01,LATAM,중남미,2067382805.0,2198608687.0,-131225882.0,관세청 국가별 수출입실적 집계
2024-01,MIDDLE_EAST,중동,2367454464.0,7959185035.0,-5591730571.0,관세청 국가별 수출입실적 집계
2024-01,US,미국,10252307887.0,6138061715.0,4114246172.0,관세청 국가별 수출입실적 집계
2024-02,ASEAN,아세안,8507344835.0,6226588559.0,2280756276.0,관세청 국가별 수출입실적 집계
2024-02,CIS,CIS,1218920766.0,685846075.0,533074691.0,관세청 국가별 수출입실적 집계
2024-02,CN,중국,9644036815.0,9429122808.0,214914007.0,관세청 국가별 수출입실적 집계
2024-02,EU27,EU(27),5663443501.0,4777784547.0,885658954.0,관세청 국가별 수출입실적 집계
2024-02,IN,인도,1474545406.0,557305743.0,917239663.0,관세청 국가별 수출입실적 집계
2024-02,JP,일본,2374211317.0,3722297932.0,-1348086615.0,관세청 국가별 수출입실적 집계
2024-02,LATAM,중남미,2248848653.0,2361964630.0,-113115977.0,관세청 국가별 수출입실적 집계
2024-02,MIDDLE_EAST,중동,2168273193.0,7312273382.0,-5144000189.0,관세청 국가별 수출입실적 집계
2024-02,US,미국,9809052632.0,5612523135.0,4196529497.0,관세청 국가별 수출입실적 집계
2024-03,ASEAN,아세안,9459155424.0,6403177948.0,3055977476.0,관세청 국가별 수출입실적 집계
2024-03,CIS,CIS,822084118.0,836343642.0,-14259524.0,관세청 국가별 수출입실적 집계
2024-03,CN,중국,10520354820.0,11409747500.0,-889392680.0,관세청 국가별 수출입실적 집계
2024-03,EU27,EU(27),5705361250.0,5557456987.0,147904263.0,관세청 국가별 수출입실적 집계
2024-03,IN,인도,1512488515.0,497623285.0,1014865230.0,관세청 국가별 수출입실적 집계
2024-03,JP,일본,2127248532.0,4080885372.0,-1953636840.0,관세청 국가별 수출입실적 집계
2024-03,LATAM,중남미,2644906005.0,1970904533.0,674001472.0,관세청 국가별 수출입실적 집계
2024-03,MIDDLE_EAST,중동,2363754043.0,7656920171.0,-5293166128.0,관세청 국가별 수출입실적 집계
2024-03,US,미국,10880792519.0,5975810637.0,4904981882.0,관세청 국가별 수출입실적 집계
2024-04,ASEAN,아세안,9031552289.0,6440194790.0,2591357499.0,관세청 국가별 수출입실적 집계
2024-04,CIS,CIS,848201618.0,697694185.0,150507433.0,관세청 국가별 수출입실적 집계
2024-04,CN,중국,10475410103.0,12425106138.0,-1949696035.0,관세청 국가별 수출입실적 집계
2024-04,EU27,EU(27),5649026032.0,5320218656.0,328807376.0,관세청 국가별 수출입실적 집계
2024-04,IN,인도,1568003902.0,520352257.0,1047651645.0,관세청 국가별 수출입실적 집계
2024-04,JP,일본,2438707645.0,4130443190.0,-1691735545.0,관세청 국가별 수출입실적 집계
2024-04,LATAM,중남미,2241644404.0,2300326691.0,-58682287.0,관세청 국가별 수출입실적 집계
2024-04,MIDDLE_EAST,중동,2460591315.0,8462714925.0,-6002123610.0,관세청 국가별 수출입실적 집계
2024-04,US,미국,11400587279.0,6012892595.0,5387694684.0,관세청 국가별 수출입실적 집계
2024-05,ASEAN,아세안,10136967789.0,6065734671.0,4071233118.0,관세청 국가별 수출입실적 집계
2024-05,CIS,CIS,863500409.0,977073469.0,-113573060.0,관세청 국가별 수출입실적 집계
2024-05,CN,중국,11378216923.0,12287459379.0,-909242456.0,관세청 국가별 수출입실적 집계
2024-05,EU27,EU(27),5815811497.0,5380383914.0,435427583.0,관세청 국가별 수출입실적 집계
2024-05,IN,인도,1678332820.0,478546531.0,1199786289.0,관세청 국가별 수출입실적 집계
2024-05,JP,일본,2606050053.0,3443525924.0,-837475871.0,관세청 국가별 수출입실적 집계
2024-05,LATAM,중남미,2251093384.0,2561313149.0,-310219765.0,관세청 국가별 수출입실적 집계
2024-05,MIDDLE_EAST,중동,2143228408.0,7824069822.0,-5680841414.0,관세청 국가별 수출입실적 집계
2024-05,US,미국,10930528725.0,6375264221.0,4555264504.0,관세청 국가별 수출입실적 집계
2024-06,ASEAN,아세안,9564416485.0,5834388619.0,3730027866.0,관세청 국가별 수출입실적 집계
2024-06,CIS,CIS,927231052.0,523712412.0,403518640.0,관세청 국가별 수출입실적 집계
2024-06,CN,중국,10706131450.0,10941026339.0,-234894889.0,관세청 국가별 수출입실적 집계
2024-06,EU27,EU(27),5057021078.0,5643158490.0,-586137412.0,관세청 국가별 수출입실적 집계
2024-06,IN,인도,1554083158.0,517579826.0,1036503332.0,관세청 국가별 수출입실적 집계
2024-06,JP,일본,2382040521.0,3507948302.0,-1125907781.0,관세청 국가별 수출입실적 집계
2024-06,LATAM,중남미,2082559687.0,1879804306.0,202755381.0,관세청 국가별 수출입실적 집계
2024-06,MIDDLE_EAST,중동,2159059659.0,7557327858.0,-5398268199.0,관세청 국가별 수출입실적 집계
2024-06,US,미국,11295692974.0,5496912330.0,5798780644.0,관세청 국가별 수출입실적 집계
2024-07,ASEAN,아세안,9909146744.0,6562425760.0,3346720984.0,관세청 국가별 수출입실적 집계
2024-07,CIS,CIS,1007693548.0,596144477.0,411549071.0,관세청 국가별 수출입실적 집계
2024-07,CN,중국,11388071073.0,11942845677.0,-554774604.0,관세청 국가별 수출입실적 집계
2024-07,EU27,EU(27),5545654822.0,5080831831.0,464822991.0,관세청 국가별 수출입실적 집계
2024-07,IN,인도,1616302689.0,570073635.0,1046229054.0,관세청 국가별 수출입실적 집계
2024-07,JP,일본,2597690351.0,4107365096.0,-1509674745.0,관세청 국가별 수출입실적 집계
2024-07,LATAM,중남미,2307898256.0,2752776566.0,-444878310.0,관세청 국가별 수출입실적 집계
2024-07,MIDDLE_EAST,중동,2924061989.0,7153232100.0,-4229170111.0,관세청 국가별 수출입실적 집계
2024-07,US,미국,10184398776.0,7921852061.0,2262546715.0,관세청 국가별 수출입실적 집계
2024-08,ASEAN,아세안,9736748093.0,7148278672.0,2588469421.0,관세청 국가별 수출입실적 집계
2024-08,CIS,CIS,1027870043.0,1188633695.0,-160763652.0,관세청 국가별 수출입실적 집계
2024-08,CN,중국,11340798613.0,11482790952.0,-141992339.0,관세청 국가별 수출입실적 집계
2024-08,EU27,EU(27),6404849038.0,5100254468.0,1304594570.0,관세청 국가별 수출입실적 집계
2024-08,IN,인도,1636205538.0,584788706.0,1051416832.0,관세청 국가별 수출입실적 집계
2024-08,JP,일본,2500141119.0,3914420512.0,-1414279393.0,관세청 국가별 수출입실적 집계
2024-08,LATAM,중남미,2281845906.0,2195866032.0,85979874.0,관세청 국가별 수출입실적 집계
2024-08,MIDDLE_EAST,중동,1926846678.0,7890631182.0,-5963784504.0,관세청 국가별 수출입실적 집계
2024-08,US,미국,9937503517.0,6257982509.0,3679521008.0,관세청 국가별 수출입실적 집계
2024-09,ASEAN,아세안,9389795408.0,6582877136.0,2806918272.0,관세청 국가별 수출입실적 집계
2024-09,CIS,CIS,984468117.0,688975009.0,295493108.0,관세청 국가별 수출입실적 집계
2024-09,CN,중국,11626573036.0,11221399945.0,405173091.0,관세청 국가별 수출입실적 집계
2024-09,EU27,EU(27),6001959143.0,6018079681.0,-16120538.0,관세청 국가별 수출입실적 집계
2024-09,IN,인도,1469018220.0,427292764.0,1041725456.0,관세청 국가별 수출입실적 집계
2024-09,JP,일본,2478851054.0,4085613362.0,-1606762308.0,관세청 국가별 수출입실적 집계
2024-09,LATAM,중남미,1991113012.0,2305398859.0,-314285847.0,관세청 국가별 수출입실적 집계
2024-09,MIDDLE_EAST,중동,2157911169.0,7028314562.0,-4870403393.0,관세청 국가별 수출입실적 집계
2024-09,US,미국,10411876945.0,5457525183.0,4954351762.0,관세청 국가별 수출입실적 집계
2024-10,ASEAN,아세안,10048449433.0,6886017601.0,3162431832.0,관세청 국가별 수출입실적 집계
2024-10,CIS,CIS,994595826.0,596132148.0,398463678.0,관세청 국가별 수출입실적 집계
2024-10,CN,중국,12172811021.0,12513915718.0,-341104697.0,관세청 국가별 수출입실적 집계
2024-10,EU27,EU(27),5296954705.0,5330231877.0,-33277172.0,관세청 국가별 수출입실적 집계
2024-10,IN,인도,1511924530.0,544731122.0,967193408.0,관세청 국가별 수출입실적 집계
2024-10,JP,일본,2423573394.0,4378338751.0,-1954765357.0,관세청 국가별 수출입실적 집계
2024-10,LATAM,중남미,2106567134.0,2438603574.0,-332036440.0,관세청 국가별 수출입실적 집계
2024-10,MIDDLE_EAST,중동,2137932564.0,7446614651.0,-5308682087.0,관세청 국가별 수출입실적 집계
2024-10,US,미국,10394328403.0,5968730685.0,4425597718.0,관세청 국가별 수출입실적 집계
2024-11,ASEAN,아세안,9804832863.0,6473004460.0,3331828403.0,관세청 국가별 수출입실적 집계
2024-11,CIS,CIS,1041569774.0,552315188.0,489254586.0,관세청 국가별 수출입실적 집계
2024-11,CN,중국,11290361844.0,11445746620.0,-155384776.0,관세청 국가별 수출입실적 집계
2024-11,EU27,EU(27),5439585299.0,5129141517.0,310443782.0,관세청 국가별 수출입실적 집계
2024-11,IN,인도,1452203110.0,554598980.0,897604130.0,관세청 국가별 수출입실적 집계
2024-11,JP,일본,2491515068.0,3991867135.0,-1500352067.0,관세청 국가별 수출입실적 집계
2024-11,LATAM,중남미,2054742622.0,1915178678.0,139563944.0,관세청 국가별 수출입실적 집계
2024-11,MIDDLE_EAST,중동,2219242693.0,7011291640.0,-4792048947.0,관세청 국가별 수출입실적 집계
2024-11,US,미국,10370480931.0,5438200163.0,4932280768.0,관세청 국가별 수출입실적 집계
2024-12,ASEAN,아세안,9649084126.0,6699574383.0,2949509743.0,관세청 국가별 수출입실적 집계
2024-12,CIS,CIS,976386275.0,603100060.0,373286215.0,관세청 국가별 수출입실적 집계
2024-12,CN,중국,11772793118.0,12382339785.0,-609546667.0,관세청 국가별 수출입실적 집계
2024-12,EU27,EU(27),5800800142.0,6858670145.0,-1057870003.0,관세청 국가별 수출입실적 집계
2024-12,IN,인도,1684866636.0,634573254.0,1050293382.0,관세청 국가별 수출입실적 집계
2024-12,JP,일본,2644228071.0,4476094901.0,-1831866830.0,관세청 국가별 수출입실적 집계
2024-12,LATAM,중남미,2048709915.0,2497051208.0,-448341293.0,관세청 국가별 수출입실적 집계
2024-12,MIDDLE_EAST,중동,2353828837.0,7122885013.0,-4769056176.0,관세청 국가별 수출입실적 집계
2024-12,US,미국,11893820362.0,5476549742.0,6417270620.0,관세청 국가별 수출입실적 집계
2025-01,ASEAN,아세안,8607650530.0,6859164064.0,1748486466.0,관세청 국가별 수출입실적 집계
2025-01,CIS,CIS,731068259.0,560118719.0,170949540.0,관세청 국가별 수출입실적 집계
2025-01,CN,중국,9204172269.0,11208793314.0,-2004621045.0,관세청 국가별 수출입실적 집계
2025-01,EU27,EU(27),5040758907.0,4290414449.0,750344458.0,관세청 국가별 수출입실적 집계
2025-01,IN,인도,1463920945.0,535824122.0,928096823.0,관세청 국가별 수출입실적 집계
2025-01,JP,일본,2363796881.0,3587345310.0,-1223548429.0,관세청 국가별 수출입실적 집계
2025-01,LATAM,중남미,2000016635.0,2451592379.0,-451575744.0,관세청 국가별 수출입실적 집계
2025-01,MIDDLE_EAST,중동,1906050146.0,7783932121.0,-5877881975.0,관세청 국가별 수출입실적 집계
2025-01,US,미국,9282566788.0,5839340836.0,3443225952.0,관세청 국가별 수출입실적 집계
2025-02,ASEAN,아세안,9561386783.0,6486985331.0,3074401452.0,관세청 국가별 수출입실적 집계
2025-02,CIS,CIS,1019177245.0,523652353.0,495524892.0,관세청 국가별 수출입실적 집계
2025-02,CN,중국,9505605066.0,9485141464.0,20463602.0,관세청 국가별 수출입실적 집계
2025-02,EU27,EU(27),5072725751.0,5131146607.0,-58420856.0,관세청 국가별 수출입실적 집계
2025-02,IN,인도,1595804410.0,539824960.0,1055979450.0,관세청 국가별 수출입실적 집계
2025-02,JP,일본,2265013927.0,4192447648.0,-1927433721.0,관세청 국가별 수출입실적 집계
2025-02,LATAM,중남미,1943657585.0,2038101441.0,-94443856.0,관세청 국가별 수출입실적 집계
2025-02,MIDDLE_EAST,중동,2444750769.0,6548197853.0,-4103447084.0,관세청 국가별 수출입실적 집계
2025-02,US,미국,9889640386.0,5739597567.0,4150042819.0,관세청 국가별 수출입실적 집계
2025-03,ASEAN,아세안,10242707610.0,6651661706.0,3591045904.0,관세청 국가별 수출입실적 집계
2025-03,CIS,CIS,1068776968.0,507337270.0,561439698.0,관세청 국가별 수출입실적 집계
2025-03,CN,중국,10057086286.0,11377002295.0,-1319916009.0,관세청 국가별 수출입실적 집계
2025-03,EU27,EU(27),6258648278.0,6143867138.0,114781140.0,관세청 국가별 수출입실적 집계
2025-03,IN,인도,1502347470.0,592525336.0,909822134.0,관세청 국가별 수출입실적 집계
2025-03,JP,일본,2158841627.0,4579729156.0,-2420887529.0,관세청 국가별 수출입실적 집계
2025-03,LATAM,중남미,2182424405.0,2443125536.0,-260701131.0,관세청 국가별 수출입실적 집계
2025-03,MIDDLE_EAST,중동,2479475707.0,7060602069.0,-4581126362.0,관세청 국가별 수출입실적 집계
2025-03,US,미국,11109476018.0,5391830286.0,5717645732.0,관세청 국가별 수출입실적 집계
2025-04,ASEAN,아세안,9396445010.0,6757401654.0,2639043356.0,관세청 국가별 수출입실적 집계
2025-04,CIS,CIS,1161789927.0,780207701.0,381582226.0,관세청 국가별 수출입실적 집계
2025-04,CN,중국,10870288852.0,12504100460.0,-1633811608.0,관세청 국가별 수출입실적 집계
2025-04,EU27,EU(27),6621594015.0,5041664527.0,1579929488.0,관세청 국가별 수출입실적 집계
2025-04,IN,인도,1702786752.0,504823873.0,1197962879.0,관세청 국가별 수출입실적 집계
2025-04,JP,일본,2304321279.0,4477624699.0,-2173303420.0,관세청 국가별 수출입실적 집계
2025-04,LATAM,중남미,2341731614.0,2590514424.0,-248782810.0,관세청 국가별 수출입실적 집계
2025-04,MIDDLE_EAST,중동,2402446734.0,6122120364.0,-3719673630.0,관세청 국가별 수출입실적 집계
2025-04,US,미국,10605998245.0,6139710089.0,4466288156.0,관세청 국가별 수출입실적 집계
2025-05,ASEAN,아세안,10009387511.0,6212243089.0,3797144422.0,관세청 국가별 수출입실적 집계
2025-05,CIS,CIS,1152522004.0,857331470.0,295190534.0,관세청 국가별 수출입실적 집계
2025-05,CN,중국,10446428166.0,11339130414.0,-892702248.0,관세청 국가별 수출입실적 집계
2025-05,EU27,EU(27),6044196481.0,5246885803.0,797310678.0,관세청 국가별 수출입실적 집계
2025-05,IN,인도,1615438483.0,628280447.0,987158036.0,관세청 국가별 수출입실적 집계
2025-05,JP,일본,2372098635.0,3558731480.0,-1186632845.0,관세청 국가별 수출입실적 집계
2025-05,LATAM,중남미,2166049897.0,2118061033.0,47988864.0,관세청 국가별 수출입실적 집계
2025-05,MIDDLE_EAST,중동,1934265280.0,5817163626.0,-3882898346.0,관세청 국가별 수출입실적 집계
2025-05,US,미국,10036995110.0,6773649142.0,3263345968.0,관세청 국가별 수출입실적 집계
2025-06,ASEAN,아세안,9807758057.0,6654633013.0,3153125044.0,관세청 국가별 수출입실적 집계
2025-06,CIS,CIS,1098730037.0,655285762.0,443444275.0,관세청 국가별 수출입실적 집계
2025-06,CN,중국,10424044086.0,11498332488.0,-1074288402.0,관세청 국가별 수출입실적 집계
2025-06,EU27,EU(27),5785912832.0,5714314009.0,71598823.0,관세청 국가별 수출입실적 집계
2025-06,IN,인도,1582584682.0,480171711.0,1102412971.0,관세청 국가별 수출입실적 집계
2025-06,JP,일본,2440272751.0,4054965499.0,-1614692748.0,관세청 국가별 수출입실적 집계
2025-06,LATAM,중남미,2175949414.0,2546762162.0,-370812748.0,관세청 국가별 수출입실적 집계
2025-06,MIDDLE_EAST,중동,2510692924.0,5693522588.0,-3182829664.0,관세청 국가별 수출입실적 집계
2025-06,US,미국,11208004435.0,5986428877.0,5221575558.0,관세청 국가별 수출입실적 집계
2025-07,ASEAN,아세안,10826220780.0,6989624736.0,3836596044.0,관세청 국가별 수출입실적 집계
2025-07,CIS,CIS,1221568139.0,789060973.0,432507166.0,관세청 국가별 수출입실적 집계
2025-07,CN,중국,11047812017.0,12422355149.0,-1374543132.0,관세청 국가별 수출입실적 집계
2025-07,EU27,EU(27),6025444248.0,5865479676.0,159964572.0,관세청 국가별 수출입실적 집계
2025-07,IN,인도,1781514346.0,505445407.0,1276068939.0,관세청 국가별 수출입실적 집계
2025-07,JP,일본,2483646324.0,4103441361.0,-1619795037.0,관세청 국가별 수출입실적 집계
2025-07,LATAM,중남미,2399395723.0,2169141542.0,230254181.0,관세청 국가별 수출입실적 집계
2025-07,MIDDLE_EAST,중동,2205262242.0,6217886169.0,-4012623927.0,관세청 국가별 수출입실적 집계
2025-07,US,미국,10333446398.0,6418521088.0,3914925310.0,관세청 국가별 수출입실적 집계
2025-08,ASEAN,아세안,10884427443.0,7083733459.0,3800693984.0,관세청 국가별 수출입실적 집계
2025-08,CIS,CIS,1116709747.0,760255710.0,356454037.0,관세청 국가별 수출입실적 집계
2025-08,CN,중국,10990269226.0,11556618086.0,-566348860.0,관세청 국가별 수출입실적 집계
2025-08,EU27,EU(27),5779828670.0,5015956473.0,763872197.0,관세청 국가별 수출입실적 집계
2025-08,IN,인도,1591153439.0,538802159.0,1052351280.0,관세청 국가별 수출입실적 집계
2025-08,JP,일본,2376745621.0,3626223106.0,-1249477485.0,관세청 국가별 수출입실적 집계
2025-08,LATAM,중남미,2045547252.0,1952471071.0,93076181.0,관세청 국가별 수출입실적 집계
2025-08,MIDDLE_EAST,중동,1997322043.0,7452416093.0,-5455094050.0,관세청 국가별 수출입실적 집계
2025-08,US,미국,8718145472.0,5981182420.0,2736963052.0,관세청 국가별 수출입실적 집계
2025-09,ASEAN,아세안,11052906585.0,7195009637.0,3857896948.0,관세청 국가별 수출입실적 집계
2025-09,CIS,CIS,1516555431.0,777263698.0,739291733.0,관세청 국가별 수출입실적 집계
2025-09,CN,중국,11679518529.0,13508597884.0,-1829079355.0,관세청 국가별 수출입실적 집계
2025-09,EU27,EU(27),7157817302.0,6827927745.0,329889557.0,관세청 국가별 수출입실적 집계
2025-09,IN,인도,1721595626.0,626758184.0,1094837442.0,관세청 국가별 수출입실적 집계
2025-09,JP,일본,2560673735.0,4266280437.0,-1705606702.0,관세청 국가별 수출입실적 집계
2025-09,LATAM,중남미,2568250649.0,1980847996.0,587402653.0,관세청 국가별 수출입실적 집계
2025-09,MIDDLE_EAST,중동,2712846105.0,6179459030.0,-3466612925.0,관세청 국가별 수출입실적 집계
2025-09,US,미국,10267271479.0,5936407036.0,4330864443.0,관세청 국가별 수출입실적 집계
2025-10,ASEAN,아세안,9353240237.0,7063114833.0,2290125404.0,관세청 국가별 수출입실적 집계
2025-10,CIS,CIS,1334909232.0,956291924.0,378617308.0,관세청 국가별 수출입실적 집계
2025-10,CN,중국,11551156245.0,11359092535.0,192063710.0,관세청 국가별 수출입실적 집계
2025-10,EU27,EU(27),5175830271.0,5189544013.0,-13713742.0,관세청 국가별 수출입실적 집계
2025-10,IN,인도,1477351236.0,519715117.0,957636119.0,관세청 국가별 수출입실적 집계
2025-10,JP,일본,2219359712.0,3853664155.0,-1634304443.0,관세청 국가별 수출입실적 집계
2025-10,LATAM,중남미,4452742320.0,2398314579.0,2054427741.0,관세청 국가별 수출입실적 집계
2025-10,MIDDLE_EAST,중동,1946559454.0,6239797030.0,-4293237576.0,관세청 국가별 수출입실적 집계
2025-10,US,미국,8711425059.0,6283533691.0,2427891368.0,관세청 국가별 수출입실적 집계
2025-11,ASEAN,아세안,10427126019.0,6511006237.0,3916119782.0,관세청 국가별 수출입실적 집계
2025-11,CIS,CIS,1305290148.0,718874292.0,586415856.0,관세청 국가별 수출입실적 집계
2025-11,CN,중국,12040140678.0,11962697890.0,77442788.0,관세청 국가별 수출입실적 집계
2025-11,EU27,EU(27),5337962321.0,5670262242.0,-332299921.0,관세청 국가별 수출입실적 집계
2025-11,IN,인도,1477040268.0,430629058.0,1046411210.0,관세청 국가별 수출입실적 집계
2025-11,JP,일본,2306194973.0,3934706515.0,-1628511542.0,관세청 국가별 수출입실적 집계
2025-11,LATAM,중남미,1912658046.0,1993583227.0,-80925181.0,관세청 국가별 수출입실적 집계
2025-11,MIDDLE_EAST,중동,2659731349.0,4838687121.0,-2178955772.0,관세청 국가별 수출입실적 집계
2025-11,US,미국,10352809140.0,6102241626.0,4250567514.0,관세청 국가별 수출입실적 집계
2025-12,ASEAN,아세안,12323146586.0,7718721369.0,4604425217.0,관세청 국가별 수출입실적 집계
2025-12,CIS,CIS,938966057.0,842364688.0,96601369.0,관세청 국가별 수출입실적 집계
2025-12,CN,중국,12964960895.0,13729115193.0,-764154298.0,관세청 국가별 수출입실적 집계
2025-12,EU27,EU(27),5829702790.0,6621601282.0,-791898492.0,관세청 국가별 수출입실적 집계
2025-12,IN,인도,1719209860.0,518728014.0,1200481846.0,관세청 국가별 수출입실적 집계
2025-12,JP,일본,2456896027.0,4673371204.0,-2216475177.0,관세청 국가별 수출입실적 집계
2025-12,LATAM,중남미,2197599980.0,2066003476.0,131596504.0,관세청 국가별 수출입실적 집계
2025-12,MIDDLE_EAST,중동,2808106164.0,5288882836.0,-2480776672.0,관세청 국가별 수출입실적 집계
2025-12,US,미국,12335136415.0,6773605423.0,5561530992.0,관세청 국가별 수출입실적 집계
2026-01,ASEAN,아세안,12091718780.0,8017987874.0,4073730906.0,관세청 국가별 수출입실적 집계
2026-01,CIS,CIS,718270892.0,597873138.0,120397754.0,관세청 국가별 수출입실적 집계
2026-01,CN,중국,13527392577.0,13189580496.0,337812081.0,관세청 국가별 수출입실적 집계
2026-01,EU27,EU(27),5401177982.0,5725396349.0,-324218367.0,관세청 국가별 수출입실적 집계
2026-01,IN,인도,1684687550.0,525073988.0,1159613562.0,관세청 국가별 수출입실적 집계
2026-01,JP,일본,2245851385.0,3900671338.0,-1654819953.0,관세청 국가별 수출입실적 집계
2026-01,LATAM,중남미,2193688180.0,2471288635.0,-277600455.0,관세청 국가별 수출입실적 집계
2026-01,MIDDLE_EAST,중동,2182582464.0,6368465397.0,-4185882933.0,관세청 국가별 수출입실적 집계
2026-01,US,미국,12006726701.0,6761951366.0,5244775335.0,관세청 국가별 수출입실적 집계
2026-02,ASEAN,아세안,12592448892.0,7359430227.0,5233018665.0,관세청 국가별 수출입실적 집계
2026-02,CIS,CIS,793334793.0,551592435.0,241742358.0,관세청 국가별 수출입실적 집계
2026-02,CN,중국,12778486869.0,11634017480.0,1144469389.0,관세청 국가별 수출입실적 집계
2026-02,EU27,EU(27),5565677943.0,5870465869.0,-304787926.0,관세청 국가별 수출입실적 집계
2026-02,IN,인도,1739790073.0,453647815.0,1286142258.0,관세청 국가별 수출입실적 집계
2026-02,JP,일본,2392260423.0,3980504334.0,-1588243911.0,관세청 국가별 수출입실적 집계
2026-02,LATAM,중남미,2092893759.0,2128412106.0,-35518347.0,관세청 국가별 수출입실적 집계
2026-02,MIDDLE_EAST,중동,2362267433.0,5531841871.0,-3169574438.0,관세청 국가별 수출입실적 집계
2026-02,US,미국,12704284715.0,5759089428.0,6945195287.0,관세청 국가별 수출입실적 집계
2026-03,ASEAN,아세안,14061087517.0,8474681315.0,5586406202.0,관세청 국가별 수출입실적 집계
2026-03,CIS,CIS,936559224.0,647600332.0,288958892.0,관세청 국가별 수출입실적 집계
2026-03,CN,중국,16685519188.0,14126113230.0,2559405958.0,관세청 국가별 수출입실적 집계
2026-03,EU27,EU(27),7470796342.0,7395583135.0,75213207.0,관세청 국가별 수출입실적 집계
2026-03,IN,인도,1966477881.0,634088746.0,1332389135.0,관세청 국가별 수출입실적 집계
2026-03,JP,일본,2918758554.0,5111054470.0,-2192295916.0,관세청 국가별 수출입실적 집계
2026-03,LATAM,중남미,3048651111.0,2684676863.0,363974248.0,관세청 국가별 수출입실적 집계
2026-03,MIDDLE_EAST,중동,1654070039.0,5457666047.0,-3803596008.0,관세청 국가별 수출입실적 집계
2026-03,US,미국,16419950914.0,7236964627.0,9182986287.0,관세청 국가별 수출입실적 집계
2026-04,ASEAN,아세안,15314805067.0,8722799004.0,6592006063.0,관세청 국가별 수출입실적 집계
2026-04,CIS,CIS,1022521610.0,907099900.0,115421710.0,관세청 국가별 수출입실적 집계
2026-04,CN,중국,17665775164.0,15590890800.0,2074884364.0,관세청 국가별 수출입실적 집계
2026-04,EU27,EU(27),7184851773.0,6024655119.0,1160196654.0,관세청 국가별 수출입실적 집계
2026-04,IN,인도,2416741484.0,698212193.0,1718529291.0,관세청 국가별 수출입실적 집계
2026-04,JP,일본,2981619061.0,4496151777.0,-1514532716.0,관세청 국가별 수출입실적 집계
2026-04,LATAM,중남미,2614015065.0,2797104873.0,-183089808.0,관세청 국가별 수출입실적 집계
2026-04,MIDDLE_EAST,중동,1978314238.0,4521886776.0,-2543572538.0,관세청 국가별 수출입실적 집계
2026-04,US,미국,16359174314.0,8330306402.0,8028867912.0,관세청 국가별 수출입실적 집계
2026-05,ASEAN,아세안,15827933175.0,7381069765.0,8446863410.0,관세청 국가별 수출입실적 집계
2026-05,CIS,CIS,931051026.0,758925281.0,172125745.0,관세청 국가별 수출입실적 집계
2026-05,CN,중국,18883273656.0,15097201176.0,3786072480.0,관세청 국가별 수출입실적 집계
2026-05,EU27,EU(27),6234469024.0,6194173394.0,40295630.0,관세청 국가별 수출입실적 집계
2026-05,IN,인도,1955195312.0,652952460.0,1302242852.0,관세청 국가별 수출입실적 집계
2026-05,JP,일본,2640921923.0,4292956230.0,-1652034307.0,관세청 국가별 수출입실적 집계
2026-05,LATAM,중남미,2908634044.0,2371139309.0,537494735.0,관세청 국가별 수출입실적 집계
2026-05,MIDDLE_EAST,중동,1929593476.0,5370865913.0,-3441272437.0,관세청 국가별 수출입실적 집계
2026-05,US,미국,15981424196.0,7518118978.0,8463305218.0,관세청 국가별 수출입실적 집계
2026-06,ASEAN,아세안,18196459628.0,8723982737.0,9472476891.0,관세청 국가별 수출입실적 집계
2026-06,CIS,CIS,1091875645.0,768028523.0,323847122.0,관세청 국가별 수출입실적 집계
2026-06,CN,중국,20002319069.0,16422805296.0,3579513773.0,관세청 국가별 수출입실적 집계
2026-06,EU27,EU(27),7632335567.0,6825996768.0,806338799.0,관세청 국가별 수출입실적 집계
2026-06,IN,인도,2104345865.0,774956507.0,1329389358.0,관세청 국가별 수출입실적 집계
2026-06,JP,일본,2797700545.0,4987561668.0,-2189861123.0,관세청 국가별 수출입실적 집계
2026-06,LATAM,중남미,3055390648.0,2532073800.0,523316848.0,관세청 국가별 수출입실적 집계
2026-06,MIDDLE_EAST,중동,2553008209.0,6118117973.0,-3565109764.0,관세청 국가별 수출입실적 집계
2026-06,US,미국,20001821829.0,7910343302.0,12091478527.0,관세청 국가별 수출입실적 집계
2026-07,ASEAN,아세안,18805534829.0,8890655372.0,9914879457.0,관세청 국가별 수출입실적 집계
2026-07,CIS,CIS,1117590506.0,955624208.0,161966298.0,관세청 국가별 수출입실적 집계
2026-07,CN,중국,21681183695.0,16317852371.0,5363331324.0,관세청 국가별 수출입실적 집계
2026-07,EU27,EU(27),9377057870.0,5927727743.0,3449330127.0,관세청 국가별 수출입실적 집계
2026-07,IN,인도,2583451093.0,728277892.0,1855173201.0,관세청 국가별 수출입실적 집계
2026-07,JP,일본,2753565356.0,4904968146.0,-2151402790.0,관세청 국가별 수출입실적 집계
2026-07,LATAM,중남미,3076390583.0,3415058871.0,-338668288.0,관세청 국가별 수출입실적 집계
2026-07,MIDDLE_EAST,중동,2546797448.0,6960995965.0,-4414198517.0,관세청 국가별 수출입실적 집계
2026-07,US,미국,17474061407.0,8967205353.0,8506856054.0,관세청 국가별 수출입실적 집계
